side,workload,scale,profile,sample,prove_s,setup_s,verify_parallel_s,verify_single_s,proof_bytes,verifier_threads,peak_rss_bytes,peak_footprint_bytes,elapsed_s,raw_trace_length,trace_num_vars,trace_num_polynomials,one_hot_K,ram_K,chunks,guest_elf_sha256,verified_parallel,verified_single
base,fibonacci,18,single,1,1.319281959,0.019982167,0.009770166,0.015620791,87672,16,368033792,271615584,1.6890879580751061,197595,28,1,16,8192,1,88a682685708dc1b96198ba1261f7c5e681d5281579368531ba731f11f78f3d6,True,True
head,fibonacci,18,single,1,0.904087792,0.087412417,0.008717541,0.013703708,86042,16,394084352,293029544,1.39115845807828,197595,22,56,16,8192,1,88a682685708dc1b96198ba1261f7c5e681d5281579368531ba731f11f78f3d6,True,True
head,fibonacci,18,single,2,0.913210792,0.088782584,0.009065375,0.013554333,86042,16,386285568,298190456,1.3961019581183791,197595,22,56,16,8192,1,88a682685708dc1b96198ba1261f7c5e681d5281579368531ba731f11f78f3d6,True,True
base,fibonacci,18,single,2,1.296196708,0.021422375,0.009765708,0.01579825,87672,16,355565568,269010000,1.7054064581170678,197595,28,1,16,8192,1,88a682685708dc1b96198ba1261f7c5e681d5281579368531ba731f11f78f3d6,True,True
base,fibonacci,18,single,3,1.325709667,0.020916916,0.011154709,0.016930125,87672,16,360071168,274596944,1.7502494170330465,197595,28,1,16,8192,1,88a682685708dc1b96198ba1261f7c5e681d5281579368531ba731f11f78f3d6,True,True
head,fibonacci,18,single,3,0.928606792,0.091133,0.008519958,0.013737792,86042,16,388890624,298059408,1.433639207854867,197595,22,56,16,8192,1,88a682685708dc1b96198ba1261f7c5e681d5281579368531ba731f11f78f3d6,True,True
base,fibonacci,20,single,1,4.816961083,0.021828875,0.011472084,0.023473792,89124,16,612286464,537003328,5.273094333009794,787425,30,1,16,8192,1,88a682685708dc1b96198ba1261f7c5e681d5281579368531ba731f11f78f3d6,True,True
head,fibonacci,20,single,1,4.637943667,0.089197125,0.010935542,0.024563334,88781,16,643596288,582731096,5.142060958081856,787425,24,56,16,8192,1,88a682685708dc1b96198ba1261f7c5e681d5281579368531ba731f11f78f3d6,True,True
head,fibonacci,20,single,2,4.510289083,0.087572833,0.010817917,0.024379125,88781,16,657178624,583664984,5.017314333003014,787425,24,56,16,8192,1,88a682685708dc1b96198ba1261f7c5e681d5281579368531ba731f11f78f3d6,True,True
base,fibonacci,20,single,2,4.434451542,0.021066583,0.011473542,0.022314834,89124,16,613711872,540198208,4.9265425419434905,787425,30,1,16,8192,1,88a682685708dc1b96198ba1261f7c5e681d5281579368531ba731f11f78f3d6,True,True
base,fibonacci,20,single,3,4.634943541,0.021209542,0.011105875,0.021766292,89124,16,616185856,538674472,5.0690613749902695,787425,30,1,16,8192,1,88a682685708dc1b96198ba1261f7c5e681d5281579368531ba731f11f78f3d6,True,True
head,fibonacci,20,single,3,4.783876625,0.090355458,0.011177709,0.024515458,88781,16,655982592,583091520,5.272573834052309,787425,24,56,16,8192,1,88a682685708dc1b96198ba1261f7c5e681d5281579368531ba731f11f78f3d6,True,True
base,sha2-chain,20,single,1,4.527238959,0.021969292,0.011297125,0.022196042,89527,16,604110848,547128616,4.942481042118743,589186,30,1,16,8192,1,bd9562b5c78e6043736506f63d6c823753c00fb9e00769ed56749c51deaa640c,True,True
head,sha2-chain,20,single,1,4.469930333,0.088558709,0.012181625,0.026589334,89173,16,646463488,566674704,4.972268458921462,589186,24,57,16,8192,1,bd9562b5c78e6043736506f63d6c823753c00fb9e00769ed56749c51deaa640c,True,True
head,sha2-chain,20,single,2,4.384954791,0.088028,0.011347041,0.024661417,89173,16,647266304,560416040,4.851063749985769,589186,24,57,16,8192,1,bd9562b5c78e6043736506f63d6c823753c00fb9e00769ed56749c51deaa640c,True,True
base,sha2-chain,20,single,2,4.3064675,0.021256208,0.011393583,0.0217655,89527,16,603619328,553436480,4.735548082971945,589186,30,1,16,8192,1,bd9562b5c78e6043736506f63d6c823753c00fb9e00769ed56749c51deaa640c,True,True
base,sha2-chain,20,single,3,4.349876375,0.021451292,0.011423042,0.021740875,89527,16,594329600,544163088,4.7775107910856605,589186,30,1,16,8192,1,bd9562b5c78e6043736506f63d6c823753c00fb9e00769ed56749c51deaa640c,True,True
head,sha2-chain,20,single,3,4.253522042,0.088210666,0.011519291,0.026272708,89173,16,646561792,566543656,4.753678624983877,589186,24,57,16,8192,1,bd9562b5c78e6043736506f63d6c823753c00fb9e00769ed56749c51deaa640c,True,True
base,sha2-chain,22,single,1,17.040535875,0.056964583,0.0107805,0.019525208,93497,16,1292500992,978126720,17.54579533287324,2360602,32,1,16,8192,1,bd9562b5c78e6043736506f63d6c823753c00fb9e00769ed56749c51deaa640c,True,True
head,sha2-chain,22,single,1,16.397406125,0.157022459,0.012264917,0.024568041,93473,16,1321172992,1163446168,17.01225237501785,2360602,26,57,16,8192,1,bd9562b5c78e6043736506f63d6c823753c00fb9e00769ed56749c51deaa640c,True,True
head,sha2-chain,22,single,2,16.802744166,0.151179792,0.012311709,0.024506292,93473,16,1271218176,1109886800,17.414565874962136,2360602,26,57,16,8192,1,bd9562b5c78e6043736506f63d6c823753c00fb9e00769ed56749c51deaa640c,True,True
base,sha2-chain,22,single,2,16.867595459,0.06029225,0.010833584,0.019486333,93497,16,1370931200,1194084248,17.404703417094424,2360602,32,1,16,8192,1,bd9562b5c78e6043736506f63d6c823753c00fb9e00769ed56749c51deaa640c,True,True
base,sha2-chain,22,single,3,16.223195208,0.061714875,0.010899833,0.019476459,93497,16,1322500096,982222600,16.730867583071813,2360602,32,1,16,8192,1,bd9562b5c78e6043736506f63d6c823753c00fb9e00769ed56749c51deaa640c,True,True
head,sha2-chain,22,single,3,16.169355833,0.151309875,0.01200225,0.024291417,93473,16,1289781248,1006700416,16.781050000106916,2360602,26,57,16,8192,1,bd9562b5c78e6043736506f63d6c823753c00fb9e00769ed56749c51deaa640c,True,True
base,fibonacci,20,w2r2,1,4.322938042,0.022841083,0.011347041,0.026265583,89158,16,658587648,555288352,4.769329749979079,787425,30,1,16,8192,2,88a682685708dc1b96198ba1261f7c5e681d5281579368531ba731f11f78f3d6,True,True
head,fibonacci,20,w2r2,1,4.245990833,0.094479834,0.011258333,0.025665667,89120,16,634421248,590792024,4.765631667105481,787425,24,56,16,8192,2,88a682685708dc1b96198ba1261f7c5e681d5281579368531ba731f11f78f3d6,True,True
head,fibonacci,20,w2r2,2,4.254686833,0.091143917,0.011307375,0.026446458,89120,16,642105344,587072832,4.776656874921173,787425,24,56,16,8192,2,88a682685708dc1b96198ba1261f7c5e681d5281579368531ba731f11f78f3d6,True,True
base,fibonacci,20,w2r2,2,4.277635458,0.022800584,0.011150291,0.025356166,89158,16,655491072,552994616,4.721069915918633,787425,30,1,16,8192,2,88a682685708dc1b96198ba1261f7c5e681d5281579368531ba731f11f78f3d6,True,True
base,fibonacci,20,w2r2,3,4.387353042,0.022961709,0.011379417,0.025801208,89158,16,656080896,554960696,4.8411679591517895,787425,30,1,16,8192,2,88a682685708dc1b96198ba1261f7c5e681d5281579368531ba731f11f78f3d6,True,True
head,fibonacci,20,w2r2,3,4.245102375,0.092387958,0.012236458,0.026149625,89120,16,636813312,583697728,4.758637124905363,787425,24,56,16,8192,2,88a682685708dc1b96198ba1261f7c5e681d5281579368531ba731f11f78f3d6,True,True
base,fibonacci,20,w4r2,1,4.491027333,0.0229775,0.011703,0.02562125,89755,16,770932736,669796272,4.92770658293739,787425,30,1,16,8192,4,88a682685708dc1b96198ba1261f7c5e681d5281579368531ba731f11f78f3d6,True,True
head,fibonacci,20,w4r2,1,4.481419417,0.093184583,0.011788042,0.026205958,89771,16,779763712,678119296,5.005372666986659,787425,24,56,16,8192,4,88a682685708dc1b96198ba1261f7c5e681d5281579368531ba731f11f78f3d6,True,True
head,fibonacci,20,w4r2,2,4.584973333,0.092972916,0.011627375,0.026691208,89771,16,771866624,667568000,5.1175901661626995,787425,24,56,16,8192,4,88a682685708dc1b96198ba1261f7c5e681d5281579368531ba731f11f78f3d6,True,True
base,fibonacci,20,w4r2,2,4.522375208,0.023068083,0.012220333,0.025706458,89755,16,761102336,660637568,4.975215332815424,787425,30,1,16,8192,4,88a682685708dc1b96198ba1261f7c5e681d5281579368531ba731f11f78f3d6,True,True
base,fibonacci,20,w4r2,3,4.40749675,0.022682959,0.01180725,0.024808959,89755,16,773095424,667223960,4.862925875000656,787425,30,1,16,8192,4,88a682685708dc1b96198ba1261f7c5e681d5281579368531ba731f11f78f3d6,True,True
head,fibonacci,20,w4r2,3,4.560983166,0.094431792,0.011628791,0.026275542,89771,16,771457024,668616552,5.0863159170839936,787425,24,56,16,8192,4,88a682685708dc1b96198ba1261f7c5e681d5281579368531ba731f11f78f3d6,True,True
base,fibonacci,20,w8r2,1,4.610348833,0.02327575,0.013150333,0.032891083,91559,16,1043251200,939722888,5.072070540860295,787425,30,1,16,8192,8,88a682685708dc1b96198ba1261f7c5e681d5281579368531ba731f11f78f3d6,True,True
head,fibonacci,20,w8r2,1,4.600814875,0.104059041,0.012801292,0.029952209,91464,16,833323008,735070152,5.129753458080813,787425,24,56,16,8192,8,88a682685708dc1b96198ba1261f7c5e681d5281579368531ba731f11f78f3d6,True,True
head,fibonacci,20,w8r2,2,4.505242667,0.106235458,0.012865458,0.030538959,91464,16,837844992,737347504,5.041350624989718,787425,24,56,16,8192,8,88a682685708dc1b96198ba1261f7c5e681d5281579368531ba731f11f78f3d6,True,True
base,fibonacci,20,w8r2,2,4.712228875,0.023731084,0.0132645,0.032608041,91559,16,1034928128,930072688,5.174005584092811,787425,30,1,16,8192,8,88a682685708dc1b96198ba1261f7c5e681d5281579368531ba731f11f78f3d6,True,True
base,fibonacci,20,w8r2,3,4.504981375,0.023839542,0.012978208,0.032416542,91559,16,1043120128,936298632,4.977777958847582,787425,30,1,16,8192,8,88a682685708dc1b96198ba1261f7c5e681d5281579368531ba731f11f78f3d6,True,True
head,fibonacci,20,w8r2,3,4.637526458,0.10615875,0.012920542,0.0309425,91464,16,839024640,742606768,5.1794123749714345,787425,24,56,16,8192,8,88a682685708dc1b96198ba1261f7c5e681d5281579368531ba731f11f78f3d6,True,True
base,fibonacci,24,w8r2,1,64.900286791,0.201632333,0.017012667,0.04743925,97657,16,4146282496,3931459472,65.9282323748339,12583871,34,1,16,8192,8,88a682685708dc1b96198ba1261f7c5e681d5281579368531ba731f11f78f3d6,True,True
head,fibonacci,24,w8r2,1,70.675535,2.195908875,0.025800625,0.087985541,99173,16,5973622784,5960750216,73.72753033298068,12583871,28,56,16,8192,8,88a682685708dc1b96198ba1261f7c5e681d5281579368531ba731f11f78f3d6,True,True
head,fibonacci,24,w8r2,2,71.078287708,2.249671667,0.023467792,0.08123475,99173,16,5973803008,5960914032,74.16636579181068,12583871,28,56,16,8192,8,88a682685708dc1b96198ba1261f7c5e681d5281579368531ba731f11f78f3d6,True,True
base,fibonacci,24,w8r2,2,67.166825291,0.220176958,0.01671475,0.047104125,97657,16,4152164352,3859779472,68.19364704191685,12583871,34,1,16,8192,8,88a682685708dc1b96198ba1261f7c5e681d5281579368531ba731f11f78f3d6,True,True
base,fibonacci,24,w8r2,3,65.761787958,0.203069458,0.017287208,0.048544667,97657,16,4172890112,3893629056,66.79325604205951,12583871,34,1,16,8192,8,88a682685708dc1b96198ba1261f7c5e681d5281579368531ba731f11f78f3d6,True,True
head,fibonacci,24,w8r2,3,73.446414416,2.566588792,0.02653525,0.082622125,99173,16,5701435392,5972448368,77.88551729195751,12583871,28,56,16,8192,8,88a682685708dc1b96198ba1261f7c5e681d5281579368531ba731f11f78f3d6,True,True
